Classifier,Mean_Accuracy,Std_Accuracy
Logistic Regression,0.442597938105304,0.13554576918485148
Random Forest,0.4968193486903573,0.11538444700724626
SVM,0.4988560457079418,0.15412891341781262
