Classifier,Mean_Accuracy,Std_Accuracy
Logistic Regression,0.5582958397848358,0.12145936079983699
Random Forest,0.45050613143861074,0.09563981616194754
SVM,0.6046490337864596,0.0972874623961164
